{
  "model_version": "recommend_model_v2",
  "target_column": "REVIEW_RANK_SCORE",
  "target_formula": "REVIEW_STAR_NORM_AVG + REVIEW_SENTIMENT_AVG",
  "labeled_count": 563,
  "train_row_count": 450,
  "test_row_count": 113,
  "holdout_spearman_baseline": 0.283728369920194,
  "correlation_threshold": 0.7,
  "univariate_spearman": {
    "CKG_KND_ACTO_NM": -0.019634465829533425,
    "CKG_MTH_ACTO_NM": 0.04990770011290103,
    "CKG_MTRL_ACTO_NM": -0.011013399410306482,
    "serving_size": 0.0765057516810467,
    "INQ_CNT_LOG_CENTERED": -0.060941553021194556,
    "SRAP_CNT_LOG_CENTERED": -0.06001038151101938,
    "ingredient_count": 0.08933532809153881,
    "others_ratio": -0.006864980077620784,
    "commonness_mean": -0.0006571739357984572,
    "commonness_min": -0.040784184963201416,
    "commonness_max": 0.05879489866508087,
    "mtrl_empty_amount_ratio": -0.024528614196516446
  },
  "high_correlation_pairs": [
    {
      "a": "commonness_mean",
      "b": "commonness_max",
      "pearson": 0.7235644436838651
    }
  ],
  "permutation_spearman_drop": {
    "CKG_KND_ACTO_NM": 0.2036470045749063,
    "CKG_MTH_ACTO_NM": 0.07297133758098648,
    "CKG_MTRL_ACTO_NM": 0.20426928967787294,
    "serving_size": -0.04591034486008594,
    "INQ_CNT_LOG_CENTERED": 0.1089713717134213,
    "SRAP_CNT_LOG_CENTERED": 0.08271766777474773,
    "ingredient_count": 0.052053307937344445,
    "others_ratio": 0.004095308718172319,
    "commonness_mean": 0.12016829893774666,
    "commonness_min": 0.1925678069646557,
    "commonness_max": 0.004465316076693093,
    "mtrl_empty_amount_ratio": 0.016831130183617926
  },
  "created_at": "2026-07-07T03:41:48.289483+00:00"
}