{
  "model_version": "recommend_model_v2",
  "target_column": "REVIEW_RANK_SCORE",
  "target_formula": "REVIEW_STAR_NORM_AVG + REVIEW_SENTIMENT_AVG",
  "labeled_count": 563,
  "train_row_count": 450,
  "test_row_count": 113,
  "holdout_spearman_baseline": 0.26424411879081966,
  "correlation_threshold": 0.7,
  "univariate_spearman": {
    "CKG_KND_ACTO_NM": -0.019634465829533425,
    "CKG_MTH_ACTO_NM": 0.04990770011290103,
    "CKG_MTRL_ACTO_NM": -0.011013399410306482,
    "serving_size": 0.0765057516810467,
    "INQ_CNT_LOG_CENTERED": -0.060941553021194556,
    "SRAP_CNT_LOG_CENTERED": -0.06001038151101938,
    "ingredient_count": 0.08933532809153881,
    "others_ratio": -0.006864980077620784,
    "commonness_mean": -0.0006571739357984572,
    "commonness_min": -0.040784184963201416,
    "commonness_max": 0.05879489866508087
  },
  "high_correlation_pairs": [
    {
      "a": "commonness_mean",
      "b": "commonness_max",
      "pearson": 0.7235644436838651
    }
  ],
  "permutation_spearman_drop": {
    "CKG_KND_ACTO_NM": 0.21483131791200935,
    "CKG_MTH_ACTO_NM": 0.06044995219831992,
    "CKG_MTRL_ACTO_NM": 0.1736595900184329,
    "serving_size": -0.01904696970566805,
    "INQ_CNT_LOG_CENTERED": 0.10417388993987439,
    "SRAP_CNT_LOG_CENTERED": 0.09747591582483486,
    "ingredient_count": 0.06671905414780138,
    "others_ratio": 0.005562724265032848,
    "commonness_mean": 0.094974161525746,
    "commonness_min": 0.20173389834619126,
    "commonness_max": -0.023512285782361086
  },
  "created_at": "2026-07-07T03:00:09.744013+00:00"
}