{
  "model_version": "recommend_model_v2",
  "target_column": "REVIEW_RANK_SCORE",
  "target_formula": "REVIEW_STAR_NORM_AVG + REVIEW_SENTIMENT_AVG",
  "labeled_count": 563,
  "train_row_count": 450,
  "test_row_count": 113,
  "holdout_spearman_baseline": 0.2857718196502061,
  "correlation_threshold": 0.7,
  "univariate_spearman": {
    "CKG_KND_ACTO_NM": -0.019634465829533425,
    "CKG_MTH_ACTO_NM": 0.04990770011290103,
    "CKG_MTRL_ACTO_NM": -0.011013399410306482,
    "serving_size": 0.0765057516810467,
    "INQ_CNT_LOG_CENTERED": -0.060941553021194556,
    "SRAP_CNT_LOG_CENTERED": -0.06001038151101938,
    "ingredient_count": 0.08933532809153881,
    "others_ratio": -0.006864980077620784,
    "commonness_mean": -0.0006571739357984572,
    "commonness_min": -0.040784184963201416,
    "commonness_max": 0.05879489866508087,
    "mtrl_empty_amount_ratio": -0.024528614196516446
  },
  "high_correlation_pairs": [
    {
      "a": "commonness_mean",
      "b": "commonness_max",
      "pearson": 0.7235644436838651
    }
  ],
  "permutation_spearman_drop": {
    "CKG_KND_ACTO_NM": 0.20149843911804177,
    "CKG_MTH_ACTO_NM": 0.07435466054636505,
    "CKG_MTRL_ACTO_NM": 0.20587966261325283,
    "serving_size": -0.043900532162666595,
    "INQ_CNT_LOG_CENTERED": 0.11032946690435527,
    "SRAP_CNT_LOG_CENTERED": 0.08580807014421044,
    "ingredient_count": 0.056514419384963405,
    "others_ratio": 0.0033931356627978637,
    "commonness_mean": 0.12782492848168078,
    "commonness_min": 0.19356430405521713,
    "commonness_max": 0.009906106098577061,
    "mtrl_empty_amount_ratio": 0.015851451609352918
  },
  "created_at": "2026-07-07T08:33:59.981951+00:00"
}