{
  "row_count": 3171,
  "missing_rate": {
    "CKG_KND_ACTO_NM": 0.0,
    "CKG_MTH_ACTO_NM": 0.0,
    "CKG_MTRL_ACTO_NM": 0.0,
    "serving_size": 0.0,
    "INQ_CNT_LOG_CENTERED": 0.0,
    "SRAP_CNT_LOG_CENTERED": 0.0,
    "ingredient_count": 0.0,
    "unique_ingredient_count": 0.0,
    "others_count": 0.0,
    "others_ratio": 0.0,
    "alias_match_ratio": 0.0,
    "commonness_mean": 0.0,
    "commonness_min": 0.0,
    "commonness_max": 0.0
  },
  "describe": {
    "CKG_KND_ACTO_NM": {
      "count": 3171,
      "unique": 20,
      "top": "메인반찬",
      "freq": 913,
      "mean": null,
      "std": null,
      "min": null,
      "25%": null,
      "50%": null,
      "75%": null,
      "max": null
    },
    "CKG_MTH_ACTO_NM": {
      "count": 3171,
      "unique": 14,
      "top": "끓이기",
      "freq": 700,
      "mean": null,
      "std": null,
      "min": null,
      "25%": null,
      "50%": null,
      "75%": null,
      "max": null
    },
    "CKG_MTRL_ACTO_NM": {
      "count": 3171,
      "unique": 16,
      "top": "채소류",
      "freq": 911,
      "mean": null,
      "std": null,
      "min": null,
      "25%": null,
      "50%": null,
      "75%": null,
      "max": null
    },
    "serving_size": {
      "count": 3171.0,
      "unique": null,
      "top": null,
      "freq": null,
      "mean": 2.958057395143488,
      "std": 1.5145375066882054,
      "min": 1.0,
      "25%": 2.0,
      "50%": 2.0,
      "75%": 4.0,
      "max": 6.0
    },
    "INQ_CNT_LOG_CENTERED": {
      "count": 3171.0,
      "unique": null,
      "top": null,
      "freq": null,
      "mean": -3.4193888829073255e-15,
      "std": 0.718716470306571,
      "min": -0.9519641753428454,
      "25%": -0.583313040357397,
      "50%": -0.1261759217049114,
      "75%": 0.40106080819119505,
      "max": 3.246283104430532
    },
    "SRAP_CNT_LOG_CENTERED": {
      "count": 3171.0,
      "unique": null,
      "top": null,
      "freq": null,
      "mean": -2.6189919569738414e-14,
      "std": 1.2700527867636486,
      "min": -2.3116714732544525,
      "25%": -0.925377112134562,
      "50%": -0.1144468959182329,
      "75%": 0.6840608002995383,
      "max": 4.807964164763183
    },
    "ingredient_count": {
      "count": 3171.0,
      "unique": null,
      "top": null,
      "freq": null,
      "mean": 8.777988016398613,
      "std": 3.7722924593136358,
      "min": 1.0,
      "25%": 6.0,
      "50%": 8.0,
      "75%": 11.0,
      "max": 32.0
    },
    "unique_ingredient_count": {
      "count": 3171.0,
      "unique": null,
      "top": null,
      "freq": null,
      "mean": 8.579312519709871,
      "std": 3.5697114774101304,
      "min": 1.0,
      "25%": 6.0,
      "50%": 8.0,
      "75%": 11.0,
      "max": 28.0
    },
    "others_count": {
      "count": 3171.0,
      "unique": null,
      "top": null,
      "freq": null,
      "mean": 0.23872595395774204,
      "std": 0.626513172122925,
      "min": 0.0,
      "25%": 0.0,
      "50%": 0.0,
      "75%": 0.0,
      "max": 8.0
    },
    "others_ratio": {
      "count": 3171.0,
      "unique": null,
      "top": null,
      "freq": null,
      "mean": 0.035168061866447387,
      "std": 0.09802426124757543,
      "min": 0.0,
      "25%": 0.0,
      "50%": 0.0,
      "75%": 0.0,
      "max": 1.0
    },
    "alias_match_ratio": {
      "count": 3171.0,
      "unique": null,
      "top": null,
      "freq": null,
      "mean": 0.9648319381335527,
      "std": 0.09802426124757542,
      "min": 0.0,
      "25%": 1.0,
      "50%": 1.0,
      "75%": 1.0,
      "max": 1.0
    },
    "commonness_mean": {
      "count": 3171.0,
      "unique": null,
      "top": null,
      "freq": null,
      "mean": 66.96930016452461,
      "std": 29.406243553892832,
      "min": 0.0,
      "25%": 49.0,
      "50%": 70.7,
      "75%": 88.5,
      "max": 140.33333333333334
    },
    "commonness_min": {
      "count": 3171.0,
      "unique": null,
      "top": null,
      "freq": null,
      "mean": 3.0835698517817725,
      "std": 5.953681733144871,
      "min": 0.0,
      "25%": 0.0,
      "50%": 1.0,
      "75%": 4.0,
      "max": 79.0
    },
    "commonness_max": {
      "count": 3171.0,
      "unique": null,
      "top": null,
      "freq": null,
      "mean": 177.97382529170608,
      "std": 63.66336651327958,
      "min": 0.0,
      "25%": 148.0,
      "50%": 170.0,
      "75%": 234.0,
      "max": 234.0
    }
  }
}