{
  "model_version": "recommend_model_v2",
  "model_name": "extra_trees",
  "target_column": "REVIEW_RANK_SCORE",
  "feature_count": 12,
  "feature_columns": [
    "CKG_KND_ACTO_NM",
    "CKG_MTH_ACTO_NM",
    "CKG_MTRL_ACTO_NM",
    "serving_size",
    "INQ_CNT_LOG_CENTERED",
    "SRAP_CNT_LOG_CENTERED",
    "ingredient_count",
    "others_ratio",
    "commonness_mean",
    "commonness_min",
    "commonness_max",
    "mtrl_empty_amount_ratio"
  ],
  "baseline_seed": 42,
  "comparison_seeds": [
    0,
    1,
    7,
    13,
    99,
    123,
    256,
    512,
    999
  ],
  "seeds": [
    42,
    0,
    1,
    7,
    13,
    99,
    123,
    256,
    512,
    999
  ],
  "baseline_42": {
    "Spearman": 0.283728369920194,
    "Hit@10": 0.2,
    "Hit@20": 0.3,
    "Hit@50": 0.6,
    "RMSE": 0.36746837926093334,
    "MAE": 0.15946876668071405,
    "R2": -0.13745976981344943
  },
  "summary_vs_others": {
    "Spearman": {
      "others_mean": 0.11215104196879291,
      "others_min": -0.04112816725937869,
      "others_max": 0.22510602735063315,
      "others_std": 0.08320712253363548,
      "delta_baseline_vs_mean": 0.1715773279514011,
      "delta_baseline_vs_min": 0.3248565371795727
    },
    "Hit@10": {
      "others_mean": 0.1,
      "others_min": 0.0,
      "others_max": 0.3,
      "others_std": 0.0816496580927726,
      "delta_baseline_vs_mean": 0.1,
      "delta_baseline_vs_min": 0.2
    },
    "Hit@20": {
      "others_mean": 0.16666666666666669,
      "others_min": 0.05,
      "others_max": 0.25,
      "others_std": 0.06666666666666667,
      "delta_baseline_vs_mean": 0.1333333333333333,
      "delta_baseline_vs_min": 0.25
    },
    "Hit@50": {
      "others_mean": 0.47555555555555556,
      "others_min": 0.42,
      "others_max": 0.52,
      "others_std": 0.03235604395235787,
      "delta_baseline_vs_mean": 0.12444444444444441,
      "delta_baseline_vs_min": 0.18
    },
    "RMSE": {
      "others_mean": 0.41214471140980047,
      "others_min": 0.2768359144196101,
      "others_max": 0.5586191244457941,
      "others_std": 0.10786562205139072,
      "delta_baseline_vs_mean": -0.044676332148867126,
      "delta_baseline_vs_min": 0.09063246484132326
    },
    "MAE": {
      "others_mean": 0.18183023824895067,
      "others_min": 0.14700056998557048,
      "others_max": 0.21638344135625157,
      "others_std": 0.02628669114962477,
      "delta_baseline_vs_mean": -0.02236147156823662,
      "delta_baseline_vs_min": 0.012468196695143569
    },
    "R2": {
      "others_mean": -0.6133847711960442,
      "others_min": -2.9293103456453524,
      "others_max": -0.03887284646046796,
      "others_std": 0.8601341660769174,
      "delta_baseline_vs_mean": 0.47592500138259475,
      "delta_baseline_vs_min": 2.791850575831903
    }
  },
  "percentile_42_spearman": 95.0,
  "per_seed": [
    {
      "model_version": "recommend_model_v2",
      "random_state": 42,
      "train_row_count": 450,
      "test_row_count": 113,
      "target_column": "REVIEW_RANK_SCORE",
      "target_formula": "REVIEW_STAR_NORM_AVG + REVIEW_SENTIMENT_AVG",
      "feature_columns": [
        "CKG_KND_ACTO_NM",
        "CKG_MTH_ACTO_NM",
        "CKG_MTRL_ACTO_NM",
        "serving_size",
        "INQ_CNT_LOG_CENTERED",
        "SRAP_CNT_LOG_CENTERED",
        "ingredient_count",
        "others_ratio",
        "commonness_mean",
        "commonness_min",
        "commonness_max",
        "mtrl_empty_amount_ratio"
      ],
      "model_type": "extra_trees",
      "RMSE": 0.36746837926093334,
      "MAE": 0.15946876668071405,
      "R2": -0.13745976981344943,
      "Spearman": 0.283728369920194,
      "created_at": "2026-07-07T05:08:46.113291+00:00",
      "Hit@10": 0.2,
      "Hit@20": 0.3,
      "Hit@50": 0.6
    },
    {
      "model_version": "recommend_model_v2",
      "random_state": 0,
      "train_row_count": 450,
      "test_row_count": 113,
      "target_column": "REVIEW_RANK_SCORE",
      "target_formula": "REVIEW_STAR_NORM_AVG + REVIEW_SENTIMENT_AVG",
      "feature_columns": [
        "CKG_KND_ACTO_NM",
        "CKG_MTH_ACTO_NM",
        "CKG_MTRL_ACTO_NM",
        "serving_size",
        "INQ_CNT_LOG_CENTERED",
        "SRAP_CNT_LOG_CENTERED",
        "ingredient_count",
        "others_ratio",
        "commonness_mean",
        "commonness_min",
        "commonness_max",
        "mtrl_empty_amount_ratio"
      ],
      "model_type": "extra_trees",
      "RMSE": 0.29885654198392547,
      "MAE": 0.16043182218306176,
      "R2": -2.9293103456453524,
      "Spearman": -0.04112816725937869,
      "created_at": "2026-07-07T05:08:49.309885+00:00",
      "Hit@10": 0.1,
      "Hit@20": 0.1,
      "Hit@50": 0.44
    },
    {
      "model_version": "recommend_model_v2",
      "random_state": 1,
      "train_row_count": 450,
      "test_row_count": 113,
      "target_column": "REVIEW_RANK_SCORE",
      "target_formula": "REVIEW_STAR_NORM_AVG + REVIEW_SENTIMENT_AVG",
      "feature_columns": [
        "CKG_KND_ACTO_NM",
        "CKG_MTH_ACTO_NM",
        "CKG_MTRL_ACTO_NM",
        "serving_size",
        "INQ_CNT_LOG_CENTERED",
        "SRAP_CNT_LOG_CENTERED",
        "ingredient_count",
        "others_ratio",
        "commonness_mean",
        "commonness_min",
        "commonness_max",
        "mtrl_empty_amount_ratio"
      ],
      "model_type": "extra_trees",
      "RMSE": 0.3014115284516084,
      "MAE": 0.16308738357021627,
      "R2": -0.7222411145919787,
      "Spearman": 0.044318034136568,
      "created_at": "2026-07-07T05:08:52.552100+00:00",
      "Hit@10": 0.0,
      "Hit@20": 0.05,
      "Hit@50": 0.48
    },
    {
      "model_version": "recommend_model_v2",
      "random_state": 7,
      "train_row_count": 450,
      "test_row_count": 113,
      "target_column": "REVIEW_RANK_SCORE",
      "target_formula": "REVIEW_STAR_NORM_AVG + REVIEW_SENTIMENT_AVG",
      "feature_columns": [
        "CKG_KND_ACTO_NM",
        "CKG_MTH_ACTO_NM",
        "CKG_MTRL_ACTO_NM",
        "serving_size",
        "INQ_CNT_LOG_CENTERED",
        "SRAP_CNT_LOG_CENTERED",
        "ingredient_count",
        "others_ratio",
        "commonness_mean",
        "commonness_min",
        "commonness_max",
        "mtrl_empty_amount_ratio"
      ],
      "model_type": "extra_trees",
      "RMSE": 0.510730896936759,
      "MAE": 0.21638344135625157,
      "R2": -0.2077462298247139,
      "Spearman": 0.008163090174214295,
      "created_at": "2026-07-07T05:08:55.825818+00:00",
      "Hit@10": 0.1,
      "Hit@20": 0.1,
      "Hit@50": 0.42
    },
    {
      "model_version": "recommend_model_v2",
      "random_state": 13,
      "train_row_count": 450,
      "test_row_count": 113,
      "target_column": "REVIEW_RANK_SCORE",
      "target_formula": "REVIEW_STAR_NORM_AVG + REVIEW_SENTIMENT_AVG",
      "feature_columns": [
        "CKG_KND_ACTO_NM",
        "CKG_MTH_ACTO_NM",
        "CKG_MTRL_ACTO_NM",
        "serving_size",
        "INQ_CNT_LOG_CENTERED",
        "SRAP_CNT_LOG_CENTERED",
        "ingredient_count",
        "others_ratio",
        "commonness_mean",
        "commonness_min",
        "commonness_max",
        "mtrl_empty_amount_ratio"
      ],
      "model_type": "extra_trees",
      "RMSE": 0.5159535681129096,
      "MAE": 0.20832491258986874,
      "R2": -0.16104979035275835,
      "Spearman": 0.17874939007877874,
      "created_at": "2026-07-07T05:08:59.003852+00:00",
      "Hit@10": 0.1,
      "Hit@20": 0.15,
      "Hit@50": 0.52
    },
    {
      "model_version": "recommend_model_v2",
      "random_state": 99,
      "train_row_count": 450,
      "test_row_count": 113,
      "target_column": "REVIEW_RANK_SCORE",
      "target_formula": "REVIEW_STAR_NORM_AVG + REVIEW_SENTIMENT_AVG",